/*
Navicat MySQL Data Transfer

Source Server         : localhost_3306
Source Server Version : 50714
Source Host           : localhost:3306
Source Database       : lagou

Target Server Type    : MYSQL
Target Server Version : 50714
File Encoding         : 65001

Date: 2018-04-06 23:05:42
*/

SET FOREIGN_KEY_CHECKS=0;

-- ----------------------------
-- Table structure for admin
-- ----------------------------
DROP TABLE IF EXISTS `admin`;
CREATE TABLE `admin` (
  `a_id` int(11) NOT NULL AUTO_INCREMENT,
  `a_account` varchar(20) NOT NULL,
  `a_password` char(32) NOT NULL,
  PRIMARY KEY (`a_id`)
) ENGINE=InnoDB AUTO_INCREMENT=4 DEFAULT CHARSET=utf8;

-- ----------------------------
-- Records of admin
-- ----------------------------
INSERT INTO `admin` VALUES ('2', 'root', '63a9f0ea7bb98050796b649e85481845');
INSERT INTO `admin` VALUES ('3', '1', 'c4ca4238a0b923820dcc509a6f75849b');

-- ----------------------------
-- Table structure for company
-- ----------------------------
DROP TABLE IF EXISTS `company`;
CREATE TABLE `company` (
  `com_id` int(11) NOT NULL AUTO_INCREMENT,
  `com_account` varchar(50) NOT NULL,
  `com_password` char(32) NOT NULL,
  `com_name` varchar(50) DEFAULT NULL,
  `com_address` varchar(100) DEFAULT NULL,
  `com_logo` varchar(50) DEFAULT 'default.jpg',
  `com_status` tinyint(4) DEFAULT '0',
  `com_reg` date DEFAULT NULL,
  `com_type` varchar(50) DEFAULT '',
  `com_desc` text,
  `com_email` varchar(50) DEFAULT NULL,
  `com_sign` varchar(30) DEFAULT NULL,
  PRIMARY KEY (`com_id`),
  UNIQUE KEY `com_account` (`com_account`),
  UNIQUE KEY `com_name` (`com_name`)
) ENGINE=InnoDB AUTO_INCREMENT=40 DEFAULT CHARSET=utf8;

-- ----------------------------
-- Records of company
-- ----------------------------
INSERT INTO `company` VALUES ('13', '1', 'c4ca4238a0b923820dcc509a6f75849b', '阿里巴巴', '成都', 'eb2133e5-ec87-4bf3-8a75-2a09cfde9fc6.jpg', '1', '1998-01-15', '互联网,电商', 'gdfsdf是古典风格', '1654400317@qq.com', '让天下没有难做的生意');
INSERT INTO `company` VALUES ('14', '2', 'c81e728d9d4c2f636f067f89cc14862c', '腾讯', '成都', 'd20bafa0-06db-4b8e-a704-0f246c244efc.jpg', '1', '1995-11-14', '游戏,交流,互联网', '惟其艰难，才更显勇毅；惟其笃行，才弥足珍贵。这次中央政治局会议特别指出了脱贫攻坚面临的两个突出问题：一些地方贫困程度深、基础条件薄弱、公共服务不足，特殊困难群体脱贫难度大；一些地方精准基础不扎实，政策措施不落实不到位不精准，资金使用管理不规范，形式主义、官僚主义、弄虚作假现象时有发生。中央政治局会议一针见血指出和分析的这些问题，说明脱贫攻坚越到最后，越须啃下最难啃的硬骨头；离脱贫攻坚目标实现期限越近，任务越艰巨，越要实行严格的考核评估。这是打赢脱贫攻坚战的重要保障，也是奋进在脱贫攻坚路上的强大指引。', '1654400317@qq.com', '游戏人生');
INSERT INTO `company` VALUES ('15', '3', 'eccbc87e4b5ce2fe28308fd9f2a7baf3', '微软', '成都', '359657e7-cd61-4bf4-817b-46d7389678d9.jpg', '1', '1889-01-01', '高科技,电脑,互联网', '行百里者半九十。脱贫攻坚进入后半程，已经到了决战“硬仗中的硬仗”的关键时刻。时不我待，唯有奋进。只要我们以习近平新时代中国特色社会主义思想为指导，勠力同心，以真抓促落实，以实干求实效，就一定能打赢这场脱贫攻坚战，一定能兑现“小康路上一个都不能掉队”的庄严承诺。(央视评论员)\r\n\r\n', 'dfd@qq.com', '技术早就一切');
INSERT INTO `company` VALUES ('16', '4', 'a87ff679a2f3e71d9181a67b7542122c', '苹果', '成都', 'b082dcd6-995e-42d2-b524-d160f58b2bdb.jpg', '1', '1999-01-15', '手机,互联网,高科技', '惟其艰难，才更显勇毅；惟其笃行，才弥足珍贵。这次中央政治局会议特别指出了脱贫攻坚面临的两个突出问题：一些地方贫困程度深、基础条件薄弱、公共服务不足，特殊困难群体脱贫难度大；一些地方精准基础不扎实，政策措施不落实不到位不精准，资金使用管理不规范，形式主义、官僚主义、弄虚作假现象时有发生。中央政治局会议一针见血指出和分析的这些问题，说明脱贫攻坚越到最后，越须啃下最难啃的硬骨头；离脱贫攻坚目标实现期限越近，任务越艰巨，越要实行严格的考核评估。这是打赢脱贫攻坚战的重要保障，也是奋进在脱贫攻坚路上的强大指引。', '645df@qq.com', '做你的小苹果');
INSERT INTO `company` VALUES ('17', '5', 'e4da3b7fbbce2345d7772b0674a318d5', '火才人才', '成都', '7c1aa2ec-fc12-472b-8e60-73ac04b15161.jpg', '1', '2008-12-14', '培训,管理', '“确保脱贫工作务实，脱贫过程扎实，脱贫结果真实，让脱贫成效真正获得群众认可、经得起实践和历史检验”。3月30日，习近平总书记主持召开中央政治局会议，听取2017年省级党委和政府脱贫攻坚工作成效考核情况汇报，对打好脱贫攻坚战提出明确要求。\r\n\r\n　　人们注意到，这次中央政治局会议，是考核评估总结脱贫攻坚经验、更好谋划脱贫攻坚后半程的一次关键会议。对于进一步强化责任担当，落实党中央关于脱贫攻坚各项决策部署、如期兑现到2020年现行标准下农村贫困人口实现脱贫、贫困县全部摘帽、解决区域性整体贫困的扶贫目标，具有重大而深远的影响。', 'dfd@qq.com', '让你泪奔泪奔');
INSERT INTO `company` VALUES ('19', '6', '1679091c5a880faf6fb5e6087eb1b2dc', '小青桔', '北京', '7046adf2-cd51-4732-8d21-f9f1a6bd0649.jpg', '1', '2018-01-01', '自行车,出行,绿色', '话题简介：【共享单车“青桔”落户沈阳 强调一律免押金 】春光大好，沉寂了一冬天的共享单车成为不少沈阳人的出行首选。而眼尖的沈阳小伙伴儿们一定已经发现了，除了摩拜、ofo以外，沈阳又多了一种颜色的共享单车——青桔单车。4月1日，青桔单车相关负责人向沈阳晚报、沈报融媒记者透露，目前，青桔单车已在沈阳投放5000辆，预计将投放数万辆。而与市面上的其它共享单车不同的是，青桔单车支持免押金骑行，打消了一些市民的后顾之忧。\r\n\r\n', '156245@qq.com', '保护环境，从青桔开始');
INSERT INTO `company` VALUES ('20', '7', '8f14e45fceea167a5a36dedd4bea2543', '东软集团', '北京', '529ad3da-d427-4a00-ae17-f623f4b568e7.jpg', '1', '1898-11-12', '医疗,软件', '在自有品牌的产品工程方面，在医疗领域，我们开发并提供具有中国自主知识产权的CT、磁共振、数字X线机、彩超、全自动生化分析仪、多参数监护仪、放射治疗设备、核医学成像设备等11大系列50余种医疗产品，其中CT机填补了中国在该领域的空白，使得中国成为全球第四个能够生产CT的国家。我们不仅通过了ISO9001国际质量体系认证，同时其主要产品CT、MRI、X-ray、超声及多参数监护仪等产品系列相继通过了美国FDA和欧洲CE认证。产品销往国内32个省、市、自治区，同时在美国、意大利、俄罗斯、巴西、沙特阿拉伯、巴基斯坦以及非洲等全球40余个国家和地区实现了设备安装，拥有客户5000余家。', '155@qq.com', '黑夜就是我的面纱！');
INSERT INTO `company` VALUES ('21', '8', 'c9f0f895fb98ab9159f51fd0297e236d', '膜拜单车', '北京', '742b1cea-4676-4b88-8a24-239650799247.jpg', '1', '1889-08-05', '单车,出行,便捷', '2016年12月3日，胡玮炜荣获“2016财新女性青年领袖论坛”新锐女性奖。 [17]  2016年12月30日，胡玮炜获得由快公司颁发的2016中国商业最具创意人物100强 [18]  。 [19]  2017年3月17日，摩拜单车创始人胡玮炜荣获ChinaBang Awards 2017年度创始人奖 [20]  。2017年5月4日，摩拜单车创始人胡玮炜被评为“创新创业好青年', '465@qq.com', '为了更好的出行');
INSERT INTO `company` VALUES ('22', '9', '45c48cce2e2d7fbdea1afc51c7c6ad26', '搜狐', '北京', '0990c439-2b3b-4ba6-9a25-c134c986741e.jpg', '1', '1889-04-14', '互联网,软件', '搜狐公司公布了2016年第四季度及全年未经审计的财务报告，全年总收入为16.5亿美元，新闻、视频、搜索、游戏等主要业务线的发展势头良好。其中，品牌广告收入为4.48亿美元；搜狗收入为6.60亿美元，较2015年增长12%；在线游戏收入为3.96亿美元', '465@qq.com', '畅游网络世界');
INSERT INTO `company` VALUES ('23', '10', 'd3d9446802a44259755d38e6d163e820', '百度', '北京', 'default.jpg', '1', '1889-01-11', '搜索引擎,互联网,it', '百度拥有数万名研发工程师，这是中国乃至全球最为优秀的技术团队。这支队伍掌握着世界上最为先进的搜索引擎技术，使百度成为中国掌握世界尖端科学核心技术的中国高科技企业，也使中国成为美国、俄罗斯、和韩国之外，全球仅有的4个拥有搜索引擎核心技术的国家之一。\r\n', '146545@qq.com', '一百度,一世界');
INSERT INTO `company` VALUES ('24', '11', '6512bd43d9caa6e02c990b0a82652dca', '华为', '上海', '23b363a9-2993-4271-be7e-af671545cdcb.jpg', '1', '1555-12-11', '高科技,软件巨头', '美国《财富》杂志发布了最新一期的世界500强名单 。华为以785.108亿美元营业收入首次打入前百强，排名第83位，较上一年的第129位提升46位。 [6]  2018年2月23日，沃达丰和华为完成首次5G通话测试。 [7] \r\n2018年2月27日，Fraunhofer IIS与华为签署了一项MPEG-4音频专利组合的全球许可协议', '165@qq.com', '技术做的大厦');
INSERT INTO `company` VALUES ('25', '12', 'c20ad4d76fe97759aa27a0c99bff6710', '美的', '上海', '1f0ea16c-933b-4025-98bc-801ff61234ed.jpg', '1', '1589-04-04', '电器,工业', '美的是一家知名的消费电器、暖通空调、机器人与自动化系统、智能供应链科技集团,包括以厨房电器、冰箱、洗衣机、及各类小家电的消费电器业务;以家用空调、中央空调、供暖及通风系统的暖通空调业务;以库卡集团、安川机器人合资公司等为核心的机器人及工业自动化系统业务', '4654@qq.com', '美的让你更美哦');
INSERT INTO `company` VALUES ('26', '13', 'c51ce410c124a10e0db5e4b97fc2af39', '太平洋保险', '上海', '0ab5c2b7-9d51-4e9e-90dc-da838f9e23b1.jpg', '1', '1599-05-05', '保险,和谐', '中国太平洋保险（中国太保，SH601601、HK02601）是国内大型综合性保险集团，为约8600万客户提供人寿、财产、健康、养老投资等全方位风险保障解决方案、投资理财和资产管理服务。全国统一客服热线：95500。主打产品 ：汽车、人身意外、家庭、旅游等各类保险', '464@qq.com', '保险让你更安全');
INSERT INTO `company` VALUES ('27', '14', 'aab3238922bcc25a6f606eb525ffdc56', '淘宝', '上海', '8f041a2e-2f13-430f-9186-e25f0e24512e.jpg', '1', '1558-09-09', '购物,互联网', '淘宝网是亚太地区较大的网络零售、商圈，由阿里巴巴集团在2003年5月创立。淘宝网是中国深受欢迎的网购零售平台，拥有近5亿的注册用户数，每天有超过6000万的固定访客，同时每天的在线商品数已经超过了8亿件，平均每分钟售出4.8万件商品。', '4165@qq.com', '对于购物，我更懂你');
INSERT INTO `company` VALUES ('28', '15', '9bf31c7ff062936a96d3c8bd1f8f2ff3', '亚马逊', '上海', 'e0eb98f8-b5df-4a3c-97cd-f20ae7412767.jpg', '1', '2008-05-05', '网购,便捷,互联网', '亚马逊中国(Z.CN)-全球著名购物平台的中国站点,汇聚了千万国际品牌好货,【畅销书2件8折】,囊括鞋靴、母婴、厨具、美妆等32大品类,品质可靠.【亚马逊海外购】纯正海外货,美亚、英亚、日亚、德亚直邮,加入【亚马逊Prime会员】海外购商品跨境免邮,立即免费试享30天!', '346@qq.com', '购物，就找亚马逊');
INSERT INTO `company` VALUES ('29', '16', 'c74d97b01eae257e44aa9d5bade97baf', '京东', '深圳', '7948b997-c039-4b5f-b20e-09e3580a118c.jpg', '1', '1599-05-05', '网购,上市公司', '京东JD.COM-专业综合网上购物商城，销售超数万品牌、4020万种商品，囊括家电、手机、电脑、服装、居家、母婴、个护、食品、旅游等13大品类。京东PLUS会员，免费体验30天。秉承客户为先的理念，京东所售商品100％正品行货、全国联保、机打发票。提供专业配送、售后服务！', 'dfk@qq.com', '女性购物天堂');
INSERT INTO `company` VALUES ('30', '17', '70efdf2ec9b086079795c442636b55fb', 'oTMS', '深圳', 'default.jpg', '1', '1558-03-03', '不知道', '作为“SaaS中最懂物流的，物流中最懂SaaS的”团队，oTMS致力于为国内B2B物流市场提供订单全流程可视化解决方案，通过“TMS+APP”的产品体系，串联从货主、3PL、专线、司机、收货人的运输全链条。我们有在国内物流市场闯荡十多年的老板，在国际主流软件公司打过小怪兽的Sales、产品、IT 负责人， 有运营了数十年物流自媒体的商务负责人……\r\n7枚实力与颜值并存的leader带着oTMS一路过关闯将，2013年，oTMS运输协同管理软件正式上线，全年26万订单；2014年获得A轮融资，完成400万订单的处理；2015年A+千万美元融资，全年1140万订单；截止2016年6月，平台企业用户360+，在已经开始的下半年、未来，我们还有更宏伟的目标要去实现！\r\n所以，你该明白我们为何招人啦~在经历了一年时间小伙伴人数翻6倍之后，HR的“人头”指标仍然沉重，我们能提供的东西不多：每日新鲜咖啡（如果你爱星巴克，下楼右拐20米）、每月团建经费、每季Town-hall meeting & 团体生日会、每年年会（:-O）……\r\n如果这都不能吸引你和我们一起建设社会主义的决心，come on baby, what are u waiting for?', 'df45@qq.com', '引领互联运输之道');
INSERT INTO `company` VALUES ('31', '18', '6f4922f45568161a8cdf4ad2299f6d23', '兔展RabbitPre', '深圳', 'd1237699-1157-48e8-aec8-75b10480a968.jpg', '1', '1465-05-05', '上市公司,互联网', '兔展是大数据驱动的营销技术公司，国家级高新技术企业。定位于帮助企业实现营销数字化,提升营销效率。我们将先进的移动营销技术、大数据及Html5技术集成融入企业营销全过程,逐步形成Creative Cloud、Big data Analytics、 Marketing Cloud三大产品+数字营销服务( Digital marketing service)的完整业务体系, 为企业提供专业场景营销服务及整合营销数字化服务。 ', '465df@qq.com', '国内领先的大数据驱动的技术营销服务商');
INSERT INTO `company` VALUES ('32', '19', '1f0e3dad99908345f7439f8ffabdffc4', '慧择网', '深圳', '7a849a27-4c35-4232-acf7-89ffd6dee430.jpg', '1', '2017-09-08', '移动互联网,电子商务', '慧择网成立于2006年6月，总部位于深圳，互联网保险的开拓者与领跑者，经过11年的发展和沉淀，如今已完成产业生态链布局，旗下分别有慧择网、聚米网、齐欣云服等面向不同用户进行精细化运营的平台。\r\n\r\n', 'dfd465@qq.com', '国内最大的互联网保险第三方交易平台');
INSERT INTO `company` VALUES ('33', '20', '98f13708210194c475687be6106a3b84', '企业云科技', '深圳', '3a26ea4f-59ae-41fd-83bb-06ff6f3bd6d7.jpg', '1', '1588-04-04', '移动互联网', '深圳企业云科技股份有限公司（企业云科技）是国内领先的企业级云计算服务提供商，注册资本 1696.3817 万元，总部位于中国深圳软件产业基地的心脏地带，是集科研、开发、设计、销售于一体的综合性国家级高新技术企业。公司目前拥有共计 9 项的国家发明专利、PCT 国际专利、以及软件著作权。', '46d4f@qq.com', ' 期待与您携手，和梦想一起腾飞！');
INSERT INTO `company` VALUES ('34', '21', '3c59dc048e8850243be8079a5c74d079', '火球科技', '杭州', 'e98eb345-0e8c-4391-a2ab-82ee483b3af3.jpg', '1', '1588-05-05', '移动互联网,电子商务', '欢迎加入全杭州最有趣、最有活力、发展最快的团队！\r\n\r\n\r\n火球买手是目前国内增长最快的买手电商平台，半年内完成2轮融资，上线一年近亿成交，正在高速增长，我们聚合多位个性鲜明，具备独特选品能力的买手，通过用户的关注，满足每个用户差异化、品味化的购物需求。', 'df4546@qq.com', '最有活力、发展最快的新兴互联网公司');
INSERT INTO `company` VALUES ('35', '22', 'b6d767d2f8ed5d21a44b0e5886680cb9', '米络科技（KK直播）', '杭州', '2f359832-7f87-4817-8a68-36b574c3bf73.jpg', '1', '1599-08-08', '移动互联网', '杭州米络科技创办于2012年3月，是一家全球领先的视频直播服务企业，旗下平台定位于“视频连接 美好生活”。公司先后获得先后获得营业性演出许可证、网络文化经营许可证、增值电信业务经营许可证、信息网络传播视听节目许可证，并通过了软件企业认定。通过技术的不断创新以及运营的持续积累，公司已完成B轮融资，获得了华人文化基金、红杉、启明基金、盛大资本等多家著名风险投资机构7000万美金的资金投入及产业资源导入。', '46d4f5d@qq.com', '提供最好的移动互联网直播互动平台');
INSERT INTO `company` VALUES ('36', '23', '37693cfc748049e45d87b8c7d8b9aacd', '东家', '杭州', '2a32199f-5f53-4a44-9bb6-6a4b347c83f4.jpg', '1', '2015-05-05', ' 移动互联网,B轮', '东家.守艺人是一款基于东方生活美学的社交平台与兴趣类电商。也是中国手艺发展研究中心的互联网产业示范点。东家上汇聚了来自东亚文化区域内 5000 多名手艺人，作品覆盖茶器、首饰、服装、文玩、家居、古法食品等诸多领域。用户可在平台上结识匠人，了解匠人故事和购买手艺作品。以“让传承成为潮流”为使命的东家，希望能够为民间匠人提供一个商业化的平台，通过“买卖”与“使用”，来保护传统文化的延续。', '46465dffd@qq.com', '中国匠人手作平台');
INSERT INTO `company` VALUES ('37', '24', '1ff1de774005f8da13f42943881c655f', '魔蝎科技', '杭州', 'f2d56636-c521-404a-8d14-0dc6b9e38570.jpg', '1', '1889-05-05', '数据服务,移动互联网', '魔蝎科技是一家由业内资深互联网人士创办的技术驱动性大数据创业公司，成立于2016年1月。公司定位于为互联网金融、消费金融提供中立、 安全、专注的数据采集分析、挖掘、机器学习以及风控服务。魔蝎科技已帮助450+互金、消金、银行等领域合作伙伴降低了风险，提高了效率与商业价值。服务的客户包括现金白卡、甜橙金融、360金融、玖富、用钱宝、众安科技、猎豹、中邮消费金融、微贷网、拍拍贷、卡牛、现金巴士、闪银、洋钱罐等。 公司现位于杭州市西溪国际商务中心，现团队80多人，其中技术团队占85%、平均年龄27岁，核心团队成员主要来自阿里巴巴、腾讯、Cisco、翼支付等国内外一流互联网企业。 魔蝎科技是国内金融大数据领域领先的数据采集、分析、挖掘与机器学习SaaS服务提供商。公司以客户成功为目标，倡导“简单、信任、平等、开放”的企业文化。我们追求极致，不断持续完善产品，提升服务品质，致力于成为行业内最专业、最值得信赖的大数据SaaS服务提供商。', '46df4@qq.com', '专注于提供用');
INSERT INTO `company` VALUES ('38', '25', '8e296a067a37563370ded05f5a3bf3ec', '杭州联汇科技股份有限公司', '杭州', '24c16fa5-d53b-4d12-87c4-c1fdb04c15bc.jpg', '1', '1558-05-05', ' 移动互联网,电子商务', '杭州联汇科技股份有限公司成立于1994年，是一家致力于数字音视频技术的研究和应用的高科技企业。近20年来公司一直专注于广播行业的数字技术的研究和应用，为国内外广播电台机构提供专业的一站式整体解决方案。\r\n\r\n具有自主知识产权的技术和产品，一直是公司的核心竞争力。每一个技术的推出，都给广播领域带来极大的震撼；甚至颠覆了传统的理念。已拥有多项数字音频专业产品的知识产权，并且多项产品被列为国家火炬计划项目；有多项产品获得国家发明专利。联汇科技，现已成为中国领先的广电系统解决方案供应商。', '41f6d5f@qq.com', '系统解决方案提供商及云平台服务商。');
INSERT INTO `company` VALUES ('39', '26', '4e732ced3463d06de0ca9a15b6153677', 'IBM', '成都', '1de7186e-0b77-415e-baf0-7f04741ad004.jpg', '1', '1599-05-05', '科技世界,上市公司', '公司在立足高端广电音频市场基础上，也在不断拓展专业音频技术的应用领域，目前已形成三驾马车并驾齐驱的业务格局，以广播电台一站式数字化网络化解决方案为企业发展基石；以核心音频技术去生根专业音频领域，联合广电客户资源面向最终消费者开拓新媒体云服务。', '46d4f5@qq.com', '引领高科技，哈哈');

-- ----------------------------
-- Table structure for menu_left
-- ----------------------------
DROP TABLE IF EXISTS `menu_left`;
CREATE TABLE `menu_left` (
  `ml_id` int(11) NOT NULL AUTO_INCREMENT,
  `ml_title` varchar(50) NOT NULL,
  `ml_link` text,
  PRIMARY KEY (`ml_id`)
) ENGINE=InnoDB AUTO_INCREMENT=8 DEFAULT CHARSET=utf8;

-- ----------------------------
-- Records of menu_left
-- ----------------------------
INSERT INTO `menu_left` VALUES ('1', '技术', 'java,C++,PHP,Android');
INSERT INTO `menu_left` VALUES ('2', '产品', '产品总监,产品经理');
INSERT INTO `menu_left` VALUES ('3', '设计', 'UI设计,交互设计,Web设计');
INSERT INTO `menu_left` VALUES ('4', '运营', '新媒体运营,编辑,数据运营');
INSERT INTO `menu_left` VALUES ('5', '市场与销售', '市场推广,市场总监');
INSERT INTO `menu_left` VALUES ('6', '职能', 'HR,行政,财务,审计');
INSERT INTO `menu_left` VALUES ('7', '金融', '投资,融资,并购,风控');

-- ----------------------------
-- Table structure for menu_right
-- ----------------------------
DROP TABLE IF EXISTS `menu_right`;
CREATE TABLE `menu_right` (
  `mr_id` int(11) NOT NULL AUTO_INCREMENT,
  `mr_title` varchar(50) DEFAULT NULL,
  `mr_link` text,
  `ml_id` int(11) DEFAULT NULL,
  PRIMARY KEY (`mr_id`),
  KEY `ml_id` (`ml_id`),
  CONSTRAINT `menu_right_ibfk_1` FOREIGN KEY (`ml_id`) REFERENCES `menu_left` (`ml_id`)
) ENGINE=InnoDB AUTO_INCREMENT=39 DEFAULT CHARSET=utf8;

-- ----------------------------
-- Records of menu_right
-- ----------------------------
INSERT INTO `menu_right` VALUES ('1', '后端开发', 'Java,C++,PHP,数据挖掘,搜索算法,精确推荐,C,C#,全栈工程师 ,.NET,Hadoop,Python,Delphi,VB,Perl,Ruby,Node.js,Go,ASP,SHell,后端开发其他', '1');
INSERT INTO `menu_right` VALUES ('2', '移动开发', 'HTML5,IOS,WP,移动开发其他', '1');
INSERT INTO `menu_right` VALUES ('3', '前端开发', 'web前端,Flash,html5,javascript,U3D,精确推荐,COCOS2D-X,前端开发其他', '1');
INSERT INTO `menu_right` VALUES ('4', '人工智能', '深度学习,机器学习,图像处理,图像识别,语音识别,机器视觉,算法工程师,自然语言处理', '1');
INSERT INTO `menu_right` VALUES ('5', '测试', '测试工程师,自动化测试,功能测试,性能测试,测试开发,游戏测试,白盒测试,灰盒测试,黑盒测试,手机测试,硬件测试,测试经理,测试其他', '1');
INSERT INTO `menu_right` VALUES ('6', '运维', '运维工程师,运维开发工程师,网络工程师,系统工程师,IT支持,IDC,CDN,F5,系统管理员,病毒分析,WEB安全,网络安全,系统安全,运维经理,运维其他', '1');
INSERT INTO `menu_right` VALUES ('7', 'DBA', 'MYSQL,SQLServer,Oracle,DB2,MongoDB,精确推荐,ETL,Hive,数据仓库,DBA其他', '1');
INSERT INTO `menu_right` VALUES ('8', '产品经理', '网页产品经理,移动产品经理,产品助理,数据产品经理,电商产品经理,游戏策划,产品实习生', '2');
INSERT INTO `menu_right` VALUES ('9', '产品设计师', '网页产品设计师,无线产品设计师', '2');
INSERT INTO `menu_right` VALUES ('10', '高薪职位', '产品部经理,产品总监,游戏制作人', '2');
INSERT INTO `menu_right` VALUES ('11', '视觉设计', '视觉设计师,网页设计师,Flash设计师,APP设计师,UI设计师,平面设计师,美术设计师,广告设计师,多媒体设计师,原画师,游戏特效,游戏界面设计师,游戏场景,游戏角色,游戏动作', '3');
INSERT INTO `menu_right` VALUES ('12', '交互设计', '交互设计师,无线交互设计师,网页交互设计师,硬件交互设计师', '3');
INSERT INTO `menu_right` VALUES ('13', '用户研究', '数据分析师,用户研究院,游戏数值策划', '3');
INSERT INTO `menu_right` VALUES ('14', '高新职位', '设计经理/主管,设计总监,视觉设计经理/主管,交互设计经理/主管,交互设计总监,用户研究经理/主管,用户研究总监', '3');
INSERT INTO `menu_right` VALUES ('19', '运营', '用户运营,产品运营,数据运营,内容运营,活动运营,商家运营,品类运营,游戏运营,网络推广,新媒体运营,海外运营,运营经理', '4');
INSERT INTO `menu_right` VALUES ('20', '编辑', '副主编,内容编辑,文案策划,记者', '4');
INSERT INTO `menu_right` VALUES ('21', '客服', '售前客服,淘宝客服,客服经理', '4');
INSERT INTO `menu_right` VALUES ('22', '高薪职位', '主编,运营总监,COO,客服总监', '4');
INSERT INTO `menu_right` VALUES ('23', '市场/销售', '市场营销,市场策划,市场顾问,市场推广,SEO,SEM,商务渠道,商业数据分析,活动策划,网络营销,海外市场,政府关系', '5');
INSERT INTO `menu_right` VALUES ('24', '公关', '媒介经理,广告协调,品牌公关', '5');
INSERT INTO `menu_right` VALUES ('25', '销售', '销售专员,销售经理,客户代表,大客户代表,商务渠道,渠道销售,电话销售,销售助理', '5');
INSERT INTO `menu_right` VALUES ('26', '采购', '采购经理,采购专员,商品经理', '5');
INSERT INTO `menu_right` VALUES ('27', '供应链', '物流,仓储', '5');
INSERT INTO `menu_right` VALUES ('28', '投资', '分析师,投资顾问,商品经理,运维其他', '5');
INSERT INTO `menu_right` VALUES ('29', '高新职位', '市场总监,销售总监,商务总监,公关总监,采购总监,投资总监', '5');
INSERT INTO `menu_right` VALUES ('30', '人力资源', '人力资源,招聘,HRBP,人事/HR,培训经理,薪资福利经理,绩效考核经理', '6');
INSERT INTO `menu_right` VALUES ('31', '行政', '助理,前台,行政,总助,文秘', '6');
INSERT INTO `menu_right` VALUES ('32', '财务', '会计,出纳,财务,结算,税务,审计,风控', '6');
INSERT INTO `menu_right` VALUES ('33', '法务', '法务,律师,专利', '6');
INSERT INTO `menu_right` VALUES ('34', '高新职位', '行政总监/经理,财务总监/经理,HRD/HRM,CFO,CEO', '6');
INSERT INTO `menu_right` VALUES ('35', '投融资', '投资经理,分析师,投资助理,融资,并购,行业研究,投资者关系,资产管理,理财顾问,交易员', '7');
INSERT INTO `menu_right` VALUES ('36', '风控', '风控,资信评估,合规稽查,律师', '7');
INSERT INTO `menu_right` VALUES ('37', '审计税务', '审计,法务,会计,清算', '7');
INSERT INTO `menu_right` VALUES ('38', '高新职位', '投资总监,融资总监,并购总监,风控总监,副总裁,机器视觉', '7');

-- ----------------------------
-- Table structure for position
-- ----------------------------
DROP TABLE IF EXISTS `position`;
CREATE TABLE `position` (
  `p_id` int(11) NOT NULL AUTO_INCREMENT,
  `p_name` varchar(50) NOT NULL,
  `p_desc` text,
  `p_release` date NOT NULL,
  `p_salary` decimal(20,2) NOT NULL,
  `p_experience` varchar(50) DEFAULT NULL,
  `p_education` varchar(50) DEFAULT NULL,
  `com_id` int(11) DEFAULT NULL,
  `p_personNum` int(11) DEFAULT NULL,
  `p_state` tinyint(4) NOT NULL DEFAULT '1',
  `p_category` varchar(50) DEFAULT NULL,
  `p_status` tinyint(4) NOT NULL DEFAULT '0',
  PRIMARY KEY (`p_id`),
  KEY `c_id` (`p_category`),
  KEY `com_id` (`com_id`),
  CONSTRAINT `position_ibfk_2` FOREIGN KEY (`com_id`) REFERENCES `company` (`com_id`)
) ENGINE=InnoDB AUTO_INCREMENT=221 DEFAULT CHARSET=utf8;

-- ----------------------------
-- Records of position
-- ----------------------------
INSERT INTO `position` VALUES ('36', 'c++开发工程师', 'c++开发的世界', '2018-03-31', '10000000.00', '10', '海归', '13', '10', '1', '高新,挑战,牛逼', '0');
INSERT INTO `position` VALUES ('37', 'c#开发工程师', 'c#让你开心', '2018-03-31', '2000000.00', '12', '博士', '13', '5', '0', '高新,挑战,牛逼', '0');
INSERT INTO `position` VALUES ('38', 'ui设计师', '手机端ui设计', '2018-03-31', '5000.00', '2', '专科', '13', '5', '1', '轻松,娱乐', '0');
INSERT INTO `position` VALUES ('39', '前端工程师', '前端界面排版设计', '2018-03-31', '9000.00', '5', '本科', '13', '5', '0', '轻松,压力小', '0');
INSERT INTO `position` VALUES ('40', 'python架构师', 'python数据结构架构了啦', '2018-03-31', '800000.00', '5', '硕士', '13', '8', '0', '高新,挑战,牛逼', '0');
INSERT INTO `position` VALUES ('41', 'Java讲师', '教授Java知识', '2018-03-31', '1000.00', '1', '高中', '14', '30', '1', '轻松,你猜,你再猜', '0');
INSERT INTO `position` VALUES ('44', 'python工程师', '步入职场,你就长大了', '2018-04-02', '3500000.00', '5', '本科', '14', '5', '0', '高新,挑战', '0');
INSERT INTO `position` VALUES ('45', 'c++开发工程师', 'c++开发的世界', '2018-03-31', '10000000.00', '10', '海归', '14', '10', '1', '高新,挑战,牛逼', '0');
INSERT INTO `position` VALUES ('46', 'c#开发工程师', 'c#让你开心', '2018-03-31', '2000000.00', '12', '博士', '14', '5', '0', '高新,挑战,牛逼', '0');
INSERT INTO `position` VALUES ('47', 'ui设计师', '手机端ui设计', '2018-03-31', '5000.00', '2', '专科', '14', '5', '1', '轻松,娱乐', '0');
INSERT INTO `position` VALUES ('48', 'c++开发工程师', 'c++开发的世界', '2018-03-31', '10000000.00', '10', '海归', '15', '10', '1', '高新,挑战,牛逼', '0');
INSERT INTO `position` VALUES ('49', 'c#开发工程师', 'c#让你开心', '2018-03-31', '2000000.00', '12', '博士', '15', '5', '0', '高新,挑战,牛逼', '0');
INSERT INTO `position` VALUES ('50', 'ui设计师', '手机端ui设计', '2018-03-31', '5000.00', '2', '专科', '15', '5', '1', '轻松,娱乐', '0');
INSERT INTO `position` VALUES ('51', '前端工程师', '前端界面排版设计', '2018-03-31', '9000.00', '5', '本科', '15', '5', '0', '轻松,压力小', '0');
INSERT INTO `position` VALUES ('52', 'python架构师', 'python数据结构架构了啦', '2018-03-31', '800000.00', '5', '硕士', '15', '8', '0', '高新,挑战,牛逼', '0');
INSERT INTO `position` VALUES ('53', 'Java讲师', '教授Java知识', '2018-03-31', '1000.00', '1', '高中', '15', '30', '1', '轻松,你猜,你再猜', '0');
INSERT INTO `position` VALUES ('54', 'python工程师', '步入职场,你就长大了', '2018-04-02', '3500000.00', '5', '本科', '15', '5', '1', '高新,挑战', '0');
INSERT INTO `position` VALUES ('55', 'c++开发工程师', 'c++开发的世界', '2018-03-31', '10000000.00', '10', '海归', '16', '10', '1', '高新,挑战,牛逼', '0');
INSERT INTO `position` VALUES ('56', 'c#开发工程师', 'c#让你开心', '2018-03-31', '2000000.00', '12', '博士', '16', '5', '0', '高新,挑战,牛逼', '0');
INSERT INTO `position` VALUES ('57', 'ui设计师', '手机端ui设计', '2018-03-31', '5000.00', '2', '专科', '16', '5', '1', '轻松,娱乐', '0');
INSERT INTO `position` VALUES ('58', '前端工程师', '前端界面排版设计', '2018-03-31', '9000.00', '5', '本科', '16', '5', '0', '轻松,压力小', '0');
INSERT INTO `position` VALUES ('59', 'python架构师', 'python数据结构架构了啦', '2018-03-31', '800000.00', '5', '硕士', '16', '8', '0', '高新,挑战,牛逼', '0');
INSERT INTO `position` VALUES ('60', 'Java讲师', '教授Java知识', '2018-03-31', '1000.00', '1', '高中', '16', '30', '1', '轻松,你猜,你再猜', '0');
INSERT INTO `position` VALUES ('61', 'python工程师', '步入职场,你就长大了', '2018-04-02', '3500000.00', '5', '本科', '16', '5', '1', '高新,挑战', '0');
INSERT INTO `position` VALUES ('62', 'c++开发工程师', 'c++开发的世界', '2018-03-31', '10000000.00', '10', '海归', '17', '10', '1', '高新,挑战,牛逼', '0');
INSERT INTO `position` VALUES ('63', 'c#开发工程师', 'c#让你开心', '2018-03-31', '2000000.00', '12', '博士', '17', '5', '0', '高新,挑战,牛逼', '0');
INSERT INTO `position` VALUES ('64', 'ui设计师', '手机端ui设计', '2018-03-31', '5000.00', '2', '专科', '17', '5', '1', '轻松,娱乐', '0');
INSERT INTO `position` VALUES ('65', '前端工程师', '前端界面排版设计', '2018-03-31', '9000.00', '5', '本科', '17', '5', '0', '轻松,压力小', '0');
INSERT INTO `position` VALUES ('66', 'python架构师', 'python数据结构架构了啦', '2018-03-31', '800000.00', '5', '硕士', '17', '8', '0', '高新,挑战,牛逼', '0');
INSERT INTO `position` VALUES ('67', 'Java讲师', '教授Java知识', '2018-03-31', '1000.00', '1', '高中', '17', '30', '1', '轻松,你猜,你再猜', '0');
INSERT INTO `position` VALUES ('68', 'python工程师', '步入职场,你就长大了', '2018-04-02', '3500000.00', '5', '本科', '17', '5', '1', '高新,挑战', '0');
INSERT INTO `position` VALUES ('74', 'c++开发工程师', 'c++开发的世界', '2018-03-31', '10000000.00', '10', '海归', '26', '10', '1', '高新,挑战,牛逼', '0');
INSERT INTO `position` VALUES ('75', 'c#开发工程师', 'c#让你开心', '2018-03-31', '2000000.00', '12', '博士', '26', '5', '0', '高新,挑战,牛逼', '0');
INSERT INTO `position` VALUES ('76', 'ui设计师', '手机端ui设计', '2018-03-31', '5000.00', '2', '专科', '26', '5', '1', '轻松,娱乐', '0');
INSERT INTO `position` VALUES ('77', '前端工程师', '前端界面排版设计', '2018-03-31', '9000.00', '5', '本科', '26', '5', '0', '轻松,压力小', '0');
INSERT INTO `position` VALUES ('78', 'python架构师', 'python数据结构架构了啦', '2018-03-31', '800000.00', '5', '硕士', '26', '8', '0', '高新,挑战,牛逼', '0');
INSERT INTO `position` VALUES ('79', 'Java讲师', '教授Java知识', '2018-03-31', '1000.00', '1', '高中', '26', '30', '1', '轻松,你猜,你再猜', '0');
INSERT INTO `position` VALUES ('80', 'python工程师', '步入职场,你就长大了', '2018-04-02', '3500000.00', '5', '本科', '26', '5', '1', '高新,挑战', '0');
INSERT INTO `position` VALUES ('81', 'c++开发工程师', 'c++开发的世界', '2018-03-31', '10000000.00', '10', '海归', '19', '10', '1', '高新,挑战,牛逼', '0');
INSERT INTO `position` VALUES ('82', 'c#开发工程师', 'c#让你开心', '2018-03-31', '2000000.00', '12', '博士', '19', '5', '0', '高新,挑战,牛逼', '0');
INSERT INTO `position` VALUES ('83', 'ui设计师', '手机端ui设计', '2018-03-31', '5000.00', '2', '专科', '19', '5', '1', '轻松,娱乐', '0');
INSERT INTO `position` VALUES ('84', '前端工程师', '前端界面排版设计', '2018-03-31', '9000.00', '5', '本科', '19', '5', '0', '轻松,压力小', '0');
INSERT INTO `position` VALUES ('85', 'python架构师', 'python数据结构架构了啦', '2018-03-31', '800000.00', '5', '硕士', '19', '8', '0', '高新,挑战,牛逼', '0');
INSERT INTO `position` VALUES ('86', 'Java讲师', '教授Java知识', '2018-03-31', '1000.00', '1', '高中', '19', '30', '1', '轻松,你猜,你再猜', '0');
INSERT INTO `position` VALUES ('87', 'python工程师', '步入职场,你就长大了', '2018-04-02', '3500000.00', '5', '本科', '19', '5', '1', '高新,挑战', '0');
INSERT INTO `position` VALUES ('88', 'c++开发工程师', 'c++开发的世界', '2018-03-31', '10000000.00', '10', '海归', '20', '10', '1', '高新,挑战,牛逼', '0');
INSERT INTO `position` VALUES ('89', 'c#开发工程师', 'c#让你开心', '2018-03-31', '2000000.00', '12', '博士', '20', '5', '0', '高新,挑战,牛逼', '0');
INSERT INTO `position` VALUES ('90', 'ui设计师', '手机端ui设计', '2018-03-31', '5000.00', '2', '专科', '20', '5', '1', '轻松,娱乐', '0');
INSERT INTO `position` VALUES ('91', '前端工程师', '前端界面排版设计', '2018-03-31', '9000.00', '5', '本科', '20', '5', '0', '轻松,压力小', '0');
INSERT INTO `position` VALUES ('92', 'python架构师', 'python数据结构架构了啦', '2018-03-31', '800000.00', '5', '硕士', '20', '8', '0', '高新,挑战,牛逼', '0');
INSERT INTO `position` VALUES ('93', 'Java讲师', '教授Java知识', '2018-03-31', '1000.00', '1', '高中', '20', '30', '1', '轻松,你猜,你再猜', '0');
INSERT INTO `position` VALUES ('94', 'python工程师', '步入职场,你就长大了', '2018-04-02', '3500000.00', '5', '本科', '20', '5', '1', '高新,挑战', '0');
INSERT INTO `position` VALUES ('95', 'c++开发工程师', 'c++开发的世界', '2018-03-31', '10000000.00', '10', '海归', '21', '10', '1', '高新,挑战,牛逼', '0');
INSERT INTO `position` VALUES ('96', 'c#开发工程师', 'c#让你开心', '2018-03-31', '2000000.00', '12', '博士', '21', '5', '0', '高新,挑战,牛逼', '0');
INSERT INTO `position` VALUES ('97', 'ui设计师', '手机端ui设计', '2018-03-31', '5000.00', '2', '专科', '21', '5', '1', '轻松,娱乐', '0');
INSERT INTO `position` VALUES ('98', '前端工程师', '前端界面排版设计', '2018-03-31', '9000.00', '5', '本科', '21', '5', '0', '轻松,压力小', '0');
INSERT INTO `position` VALUES ('99', 'python架构师', 'python数据结构架构了啦', '2018-03-31', '800000.00', '5', '硕士', '21', '8', '0', '高新,挑战,牛逼', '0');
INSERT INTO `position` VALUES ('100', 'Java讲师', '教授Java知识', '2018-03-31', '1000.00', '1', '高中', '21', '30', '1', '轻松,你猜,你再猜', '0');
INSERT INTO `position` VALUES ('101', 'python工程师', '步入职场,你就长大了', '2018-04-02', '3500000.00', '5', '本科', '21', '5', '1', '高新,挑战', '0');
INSERT INTO `position` VALUES ('102', 'c++开发工程师', 'c++开发的世界', '2018-03-31', '10000000.00', '10', '海归', '22', '10', '1', '高新,挑战,牛逼', '0');
INSERT INTO `position` VALUES ('103', 'c#开发工程师', 'c#让你开心', '2018-03-31', '2000000.00', '12', '博士', '22', '5', '0', '高新,挑战,牛逼', '0');
INSERT INTO `position` VALUES ('104', 'ui设计师', '手机端ui设计', '2018-03-31', '5000.00', '2', '专科', '22', '5', '1', '轻松,娱乐', '0');
INSERT INTO `position` VALUES ('105', '前端工程师', '前端界面排版设计', '2018-03-31', '9000.00', '5', '本科', '22', '5', '0', '轻松,压力小', '0');
INSERT INTO `position` VALUES ('106', 'python架构师', 'python数据结构架构了啦', '2018-03-31', '800000.00', '5', '硕士', '22', '8', '0', '高新,挑战,牛逼', '0');
INSERT INTO `position` VALUES ('107', 'Java讲师', '教授Java知识', '2018-03-31', '1000.00', '1', '高中', '22', '30', '1', '轻松,你猜,你再猜', '0');
INSERT INTO `position` VALUES ('108', 'python工程师', '步入职场,你就长大了', '2018-04-02', '3500000.00', '5', '本科', '22', '5', '1', '高新,挑战', '0');
INSERT INTO `position` VALUES ('109', 'c++开发工程师', 'c++开发的世界', '2018-03-31', '10000000.00', '10', '海归', '23', '10', '1', '高新,挑战,牛逼', '0');
INSERT INTO `position` VALUES ('110', 'c#开发工程师', 'c#让你开心', '2018-03-31', '2000000.00', '12', '博士', '23', '5', '0', '高新,挑战,牛逼', '0');
INSERT INTO `position` VALUES ('111', 'ui设计师', '手机端ui设计', '2018-03-31', '5000.00', '2', '专科', '23', '5', '1', '轻松,娱乐', '0');
INSERT INTO `position` VALUES ('112', '前端工程师', '前端界面排版设计', '2018-03-31', '9000.00', '5', '本科', '23', '5', '0', '轻松,压力小', '0');
INSERT INTO `position` VALUES ('113', 'python架构师', 'python数据结构架构了啦', '2018-03-31', '800000.00', '5', '硕士', '23', '8', '0', '高新,挑战,牛逼', '0');
INSERT INTO `position` VALUES ('114', 'Java讲师', '教授Java知识', '2018-03-31', '1000.00', '1', '高中', '23', '30', '1', '轻松,你猜,你再猜', '0');
INSERT INTO `position` VALUES ('115', 'python工程师', '步入职场,你就长大了', '2018-04-02', '3500000.00', '5', '本科', '23', '5', '1', '高新,挑战', '0');
INSERT INTO `position` VALUES ('116', 'c++开发工程师', 'c++开发的世界', '2018-03-31', '10000000.00', '10', '海归', '24', '10', '1', '高新,挑战,牛逼', '0');
INSERT INTO `position` VALUES ('117', 'c#开发工程师', 'c#让你开心', '2018-03-31', '2000000.00', '12', '博士', '24', '5', '0', '高新,挑战,牛逼', '0');
INSERT INTO `position` VALUES ('118', 'ui设计师', '手机端ui设计', '2018-03-31', '5000.00', '2', '专科', '24', '5', '1', '轻松,娱乐', '0');
INSERT INTO `position` VALUES ('119', '前端工程师', '前端界面排版设计', '2018-03-31', '9000.00', '5', '本科', '24', '5', '0', '轻松,压力小', '0');
INSERT INTO `position` VALUES ('120', 'python架构师', 'python数据结构架构了啦', '2018-03-31', '800000.00', '5', '硕士', '24', '8', '0', '高新,挑战,牛逼', '0');
INSERT INTO `position` VALUES ('121', 'Java讲师', '教授Java知识', '2018-03-31', '1000.00', '1', '高中', '24', '30', '1', '轻松,你猜,你再猜', '0');
INSERT INTO `position` VALUES ('122', 'python工程师', '步入职场,你就长大了', '2018-04-02', '3500000.00', '5', '本科', '24', '5', '1', '高新,挑战', '0');
INSERT INTO `position` VALUES ('123', 'c++开发工程师', 'c++开发的世界', '2018-03-31', '10000000.00', '10', '海归', '25', '10', '1', '高新,挑战,牛逼', '0');
INSERT INTO `position` VALUES ('124', 'c#开发工程师', 'c#让你开心', '2018-03-31', '2000000.00', '12', '博士', '25', '5', '0', '高新,挑战,牛逼', '0');
INSERT INTO `position` VALUES ('125', 'ui设计师', '手机端ui设计', '2018-03-31', '5000.00', '2', '专科', '25', '5', '1', '轻松,娱乐', '0');
INSERT INTO `position` VALUES ('126', '前端工程师', '前端界面排版设计', '2018-03-31', '9000.00', '5', '本科', '25', '5', '0', '轻松,压力小', '0');
INSERT INTO `position` VALUES ('127', 'python架构师', 'python数据结构架构了啦', '2018-03-31', '800000.00', '5', '硕士', '25', '8', '0', '高新,挑战,牛逼', '0');
INSERT INTO `position` VALUES ('128', 'Java讲师', '教授Java知识', '2018-03-31', '1000.00', '1', '高中', '25', '30', '1', '轻松,你猜,你再猜', '0');
INSERT INTO `position` VALUES ('129', 'python工程师', '步入职场,你就长大了', '2018-04-02', '3500000.00', '5', '本科', '25', '5', '1', '高新,挑战', '0');
INSERT INTO `position` VALUES ('130', 'c++开发工程师', 'c++开发的世界', '2018-03-31', '10000000.00', '10', '海归', '27', '10', '1', '高新,挑战,牛逼', '0');
INSERT INTO `position` VALUES ('131', 'c#开发工程师', 'c#让你开心', '2018-03-31', '2000000.00', '12', '博士', '27', '5', '0', '高新,挑战,牛逼', '0');
INSERT INTO `position` VALUES ('132', 'ui设计师', '手机端ui设计', '2018-03-31', '5000.00', '2', '专科', '27', '5', '1', '轻松,娱乐', '0');
INSERT INTO `position` VALUES ('133', '前端工程师', '前端界面排版设计', '2018-03-31', '9000.00', '5', '本科', '27', '5', '0', '轻松,压力小', '0');
INSERT INTO `position` VALUES ('134', 'python架构师', 'python数据结构架构了啦', '2018-03-31', '800000.00', '5', '硕士', '27', '8', '0', '高新,挑战,牛逼', '0');
INSERT INTO `position` VALUES ('135', 'Java讲师', '教授Java知识', '2018-03-31', '1000.00', '1', '高中', '27', '30', '1', '轻松,你猜,你再猜', '0');
INSERT INTO `position` VALUES ('136', 'python工程师', '步入职场,你就长大了', '2018-04-02', '3500000.00', '5', '本科', '27', '5', '1', '高新,挑战', '0');
INSERT INTO `position` VALUES ('137', 'c++开发工程师', 'c++开发的世界', '2018-03-31', '10000000.00', '10', '海归', '28', '10', '1', '高新,挑战,牛逼', '0');
INSERT INTO `position` VALUES ('138', 'c#开发工程师', 'c#让你开心', '2018-03-31', '2000000.00', '12', '博士', '28', '5', '0', '高新,挑战,牛逼', '0');
INSERT INTO `position` VALUES ('139', 'ui设计师', '手机端ui设计', '2018-03-31', '5000.00', '2', '专科', '28', '5', '1', '轻松,娱乐', '0');
INSERT INTO `position` VALUES ('140', '前端工程师', '前端界面排版设计', '2018-03-31', '9000.00', '5', '本科', '28', '5', '0', '轻松,压力小', '0');
INSERT INTO `position` VALUES ('141', 'python架构师', 'python数据结构架构了啦', '2018-03-31', '800000.00', '5', '硕士', '28', '8', '0', '高新,挑战,牛逼', '0');
INSERT INTO `position` VALUES ('142', 'Java讲师', '教授Java知识', '2018-03-31', '1000.00', '1', '高中', '28', '30', '1', '轻松,你猜,你再猜', '0');
INSERT INTO `position` VALUES ('143', 'python工程师', '步入职场,你就长大了', '2018-04-02', '3500000.00', '5', '本科', '28', '5', '1', '高新,挑战', '0');
INSERT INTO `position` VALUES ('144', 'c++开发工程师', 'c++开发的世界', '2018-03-31', '10000000.00', '10', '海归', '29', '10', '1', '高新,挑战,牛逼', '0');
INSERT INTO `position` VALUES ('145', 'c#开发工程师', 'c#让你开心', '2018-03-31', '2000000.00', '12', '博士', '29', '5', '0', '高新,挑战,牛逼', '0');
INSERT INTO `position` VALUES ('146', 'ui设计师', '手机端ui设计', '2018-03-31', '5000.00', '2', '专科', '29', '5', '1', '轻松,娱乐', '0');
INSERT INTO `position` VALUES ('147', '前端工程师', '前端界面排版设计', '2018-03-31', '9000.00', '5', '本科', '29', '5', '0', '轻松,压力小', '0');
INSERT INTO `position` VALUES ('148', 'python架构师', 'python数据结构架构了啦', '2018-03-31', '800000.00', '5', '硕士', '29', '8', '0', '高新,挑战,牛逼', '0');
INSERT INTO `position` VALUES ('149', 'Java讲师', '教授Java知识', '2018-03-31', '1000.00', '1', '高中', '29', '30', '1', '轻松,你猜,你再猜', '0');
INSERT INTO `position` VALUES ('150', 'python工程师', '步入职场,你就长大了', '2018-04-02', '3500000.00', '5', '本科', '29', '5', '1', '高新,挑战', '0');
INSERT INTO `position` VALUES ('151', 'c++开发工程师', 'c++开发的世界', '2018-03-31', '10000000.00', '10', '海归', '30', '10', '1', '高新,挑战,牛逼', '0');
INSERT INTO `position` VALUES ('152', 'c#开发工程师', 'c#让你开心', '2018-03-31', '2000000.00', '12', '博士', '30', '5', '0', '高新,挑战,牛逼', '0');
INSERT INTO `position` VALUES ('153', 'ui设计师', '手机端ui设计', '2018-03-31', '5000.00', '2', '专科', '30', '5', '1', '轻松,娱乐', '0');
INSERT INTO `position` VALUES ('154', '前端工程师', '前端界面排版设计', '2018-03-31', '9000.00', '5', '本科', '30', '5', '0', '轻松,压力小', '0');
INSERT INTO `position` VALUES ('155', 'python架构师', 'python数据结构架构了啦', '2018-03-31', '800000.00', '5', '硕士', '30', '8', '0', '高新,挑战,牛逼', '0');
INSERT INTO `position` VALUES ('156', 'Java讲师', '教授Java知识', '2018-03-31', '1000.00', '1', '高中', '30', '30', '1', '轻松,你猜,你再猜', '0');
INSERT INTO `position` VALUES ('157', 'python工程师', '步入职场,你就长大了', '2018-04-02', '3500000.00', '5', '本科', '30', '5', '1', '高新,挑战', '0');
INSERT INTO `position` VALUES ('158', 'c++开发工程师', 'c++开发的世界', '2018-03-31', '10000000.00', '10', '海归', '31', '10', '1', '高新,挑战,牛逼', '0');
INSERT INTO `position` VALUES ('159', 'c#开发工程师', 'c#让你开心', '2018-03-31', '2000000.00', '12', '博士', '31', '5', '0', '高新,挑战,牛逼', '0');
INSERT INTO `position` VALUES ('160', 'ui设计师', '手机端ui设计', '2018-03-31', '5000.00', '2', '专科', '31', '5', '1', '轻松,娱乐', '0');
INSERT INTO `position` VALUES ('161', '前端工程师', '前端界面排版设计', '2018-03-31', '9000.00', '5', '本科', '31', '5', '0', '轻松,压力小', '0');
INSERT INTO `position` VALUES ('162', 'python架构师', 'python数据结构架构了啦', '2018-03-31', '800000.00', '5', '硕士', '31', '8', '0', '高新,挑战,牛逼', '0');
INSERT INTO `position` VALUES ('163', 'Java讲师', '教授Java知识', '2018-03-31', '1000.00', '1', '高中', '31', '30', '1', '轻松,你猜,你再猜', '0');
INSERT INTO `position` VALUES ('164', 'python工程师', '步入职场,你就长大了', '2018-04-02', '3500000.00', '5', '本科', '31', '5', '1', '高新,挑战', '0');
INSERT INTO `position` VALUES ('165', 'c++开发工程师', 'c++开发的世界', '2018-03-31', '10000000.00', '10', '海归', '32', '10', '1', '高新,挑战,牛逼', '0');
INSERT INTO `position` VALUES ('166', 'c#开发工程师', 'c#让你开心', '2018-03-31', '2000000.00', '12', '博士', '32', '5', '0', '高新,挑战,牛逼', '0');
INSERT INTO `position` VALUES ('167', 'ui设计师', '手机端ui设计', '2018-03-31', '5000.00', '2', '专科', '32', '5', '1', '轻松,娱乐', '0');
INSERT INTO `position` VALUES ('168', '前端工程师', '前端界面排版设计', '2018-03-31', '9000.00', '5', '本科', '32', '5', '0', '轻松,压力小', '0');
INSERT INTO `position` VALUES ('169', 'python架构师', 'python数据结构架构了啦', '2018-03-31', '800000.00', '5', '硕士', '32', '8', '0', '高新,挑战,牛逼', '0');
INSERT INTO `position` VALUES ('170', 'Java讲师', '教授Java知识', '2018-03-31', '1000.00', '1', '高中', '32', '30', '1', '轻松,你猜,你再猜', '0');
INSERT INTO `position` VALUES ('171', 'python工程师', '步入职场,你就长大了', '2018-04-02', '3500000.00', '5', '本科', '32', '5', '1', '高新,挑战', '0');
INSERT INTO `position` VALUES ('172', 'c++开发工程师', 'c++开发的世界', '2018-03-31', '10000000.00', '10', '海归', '33', '10', '1', '高新,挑战,牛逼', '0');
INSERT INTO `position` VALUES ('173', 'c#开发工程师', 'c#让你开心', '2018-03-31', '2000000.00', '12', '博士', '33', '5', '0', '高新,挑战,牛逼', '0');
INSERT INTO `position` VALUES ('174', 'ui设计师', '手机端ui设计', '2018-03-31', '5000.00', '2', '专科', '33', '5', '1', '轻松,娱乐', '0');
INSERT INTO `position` VALUES ('175', '前端工程师', '前端界面排版设计', '2018-03-31', '9000.00', '5', '本科', '33', '5', '0', '轻松,压力小', '0');
INSERT INTO `position` VALUES ('176', 'python架构师', 'python数据结构架构了啦', '2018-03-31', '800000.00', '5', '硕士', '33', '8', '0', '高新,挑战,牛逼', '0');
INSERT INTO `position` VALUES ('177', 'Java讲师', '教授Java知识', '2018-03-31', '1000.00', '1', '高中', '33', '30', '1', '轻松,你猜,你再猜', '0');
INSERT INTO `position` VALUES ('178', 'python工程师', '步入职场,你就长大了', '2018-04-02', '3500000.00', '5', '本科', '33', '5', '1', '高新,挑战', '0');
INSERT INTO `position` VALUES ('179', 'c++开发工程师', 'c++开发的世界', '2018-03-31', '10000000.00', '10', '海归', '34', '10', '1', '高新,挑战,牛逼', '0');
INSERT INTO `position` VALUES ('180', 'c#开发工程师', 'c#让你开心', '2018-03-31', '2000000.00', '12', '博士', '34', '5', '0', '高新,挑战,牛逼', '0');
INSERT INTO `position` VALUES ('181', 'ui设计师', '手机端ui设计', '2018-03-31', '5000.00', '2', '专科', '34', '5', '1', '轻松,娱乐', '0');
INSERT INTO `position` VALUES ('182', '前端工程师', '前端界面排版设计', '2018-03-31', '9000.00', '5', '本科', '34', '5', '0', '轻松,压力小', '0');
INSERT INTO `position` VALUES ('183', 'python架构师', 'python数据结构架构了啦', '2018-03-31', '800000.00', '5', '硕士', '34', '8', '0', '高新,挑战,牛逼', '0');
INSERT INTO `position` VALUES ('184', 'Java讲师', '教授Java知识', '2018-03-31', '1000.00', '1', '高中', '34', '30', '1', '轻松,你猜,你再猜', '0');
INSERT INTO `position` VALUES ('185', 'python工程师', '步入职场,你就长大了', '2018-04-02', '3500000.00', '5', '本科', '34', '5', '1', '高新,挑战', '0');
INSERT INTO `position` VALUES ('186', 'c++开发工程师', 'c++开发的世界', '2018-03-31', '10000000.00', '10', '海归', '35', '10', '1', '高新,挑战,牛逼', '0');
INSERT INTO `position` VALUES ('187', 'c#开发工程师', 'c#让你开心', '2018-03-31', '2000000.00', '12', '博士', '35', '5', '0', '高新,挑战,牛逼', '0');
INSERT INTO `position` VALUES ('188', 'ui设计师', '手机端ui设计', '2018-03-31', '5000.00', '2', '专科', '35', '5', '1', '轻松,娱乐', '0');
INSERT INTO `position` VALUES ('189', '前端工程师', '前端界面排版设计', '2018-03-31', '9000.00', '5', '本科', '35', '5', '0', '轻松,压力小', '0');
INSERT INTO `position` VALUES ('190', 'python架构师', 'python数据结构架构了啦', '2018-03-31', '800000.00', '5', '硕士', '35', '8', '0', '高新,挑战,牛逼', '0');
INSERT INTO `position` VALUES ('191', 'Java讲师', '教授Java知识', '2018-03-31', '1000.00', '1', '高中', '35', '30', '1', '轻松,你猜,你再猜', '0');
INSERT INTO `position` VALUES ('192', 'python工程师', '步入职场,你就长大了', '2018-04-02', '3500000.00', '5', '本科', '35', '5', '1', '高新,挑战', '0');
INSERT INTO `position` VALUES ('193', 'c++开发工程师', 'c++开发的世界', '2018-03-31', '10000000.00', '10', '海归', '36', '10', '1', '高新,挑战,牛逼', '0');
INSERT INTO `position` VALUES ('194', 'c#开发工程师', 'c#让你开心', '2018-03-31', '2000000.00', '12', '博士', '36', '5', '0', '高新,挑战,牛逼', '0');
INSERT INTO `position` VALUES ('195', 'ui设计师', '手机端ui设计', '2018-03-31', '5000.00', '2', '专科', '36', '5', '1', '轻松,娱乐', '0');
INSERT INTO `position` VALUES ('196', '前端工程师', '前端界面排版设计', '2018-03-31', '9000.00', '5', '本科', '36', '5', '0', '轻松,压力小', '0');
INSERT INTO `position` VALUES ('197', 'python架构师', 'python数据结构架构了啦', '2018-03-31', '800000.00', '5', '硕士', '36', '8', '0', '高新,挑战,牛逼', '0');
INSERT INTO `position` VALUES ('198', 'Java讲师', '教授Java知识', '2018-03-31', '1000.00', '1', '高中', '36', '30', '1', '轻松,你猜,你再猜', '0');
INSERT INTO `position` VALUES ('199', 'python工程师', '步入职场,你就长大了', '2018-04-02', '3500000.00', '5', '本科', '36', '5', '1', '高新,挑战', '0');
INSERT INTO `position` VALUES ('200', 'c++开发工程师', 'c++开发的世界', '2018-03-31', '10000000.00', '10', '海归', '37', '10', '1', '高新,挑战,牛逼', '0');
INSERT INTO `position` VALUES ('201', 'c#开发工程师', 'c#让你开心', '2018-03-31', '2000000.00', '12', '博士', '37', '5', '0', '高新,挑战,牛逼', '0');
INSERT INTO `position` VALUES ('202', 'ui设计师', '手机端ui设计', '2018-03-31', '5000.00', '2', '专科', '37', '5', '1', '轻松,娱乐', '0');
INSERT INTO `position` VALUES ('203', '前端工程师', '前端界面排版设计', '2018-03-31', '9000.00', '5', '本科', '37', '5', '0', '轻松,压力小', '0');
INSERT INTO `position` VALUES ('204', 'python架构师', 'python数据结构架构了啦', '2018-03-31', '800000.00', '5', '硕士', '37', '8', '0', '高新,挑战,牛逼', '0');
INSERT INTO `position` VALUES ('205', 'Java讲师', '教授Java知识', '2018-03-31', '1000.00', '1', '高中', '37', '30', '1', '轻松,你猜,你再猜', '0');
INSERT INTO `position` VALUES ('206', 'python工程师', '步入职场,你就长大了', '2018-04-02', '3500000.00', '5', '本科', '37', '5', '1', '高新,挑战', '0');
INSERT INTO `position` VALUES ('207', 'c++开发工程师', 'c++开发的世界', '2018-03-31', '10000000.00', '10', '海归', '38', '10', '1', '高新,挑战,牛逼', '0');
INSERT INTO `position` VALUES ('208', 'c#开发工程师', 'c#让你开心', '2018-03-31', '2000000.00', '12', '博士', '38', '5', '0', '高新,挑战,牛逼', '0');
INSERT INTO `position` VALUES ('209', 'ui设计师', '手机端ui设计', '2018-03-31', '5000.00', '2', '专科', '38', '5', '1', '轻松,娱乐', '0');
INSERT INTO `position` VALUES ('210', '前端工程师', '前端界面排版设计', '2018-03-31', '9000.00', '5', '本科', '38', '5', '0', '轻松,压力小', '0');
INSERT INTO `position` VALUES ('211', 'python架构师', 'python数据结构架构了啦', '2018-03-31', '800000.00', '5', '硕士', '38', '8', '0', '高新,挑战,牛逼', '0');
INSERT INTO `position` VALUES ('212', 'Java讲师', '教授Java知识', '2018-03-31', '1000.00', '1', '高中', '38', '30', '1', '轻松,你猜,你再猜', '0');
INSERT INTO `position` VALUES ('213', 'python工程师', '步入职场,你就长大了', '2018-04-02', '3500000.00', '5', '本科', '38', '5', '1', '高新,挑战', '0');
INSERT INTO `position` VALUES ('214', 'c++开发工程师', 'c++开发的世界', '2018-03-31', '10000000.00', '10', '海归', '39', '10', '1', '高新,挑战,牛逼', '0');
INSERT INTO `position` VALUES ('215', 'c#开发工程师', 'c#让你开心', '2018-03-31', '2000000.00', '12', '博士', '39', '5', '0', '高新,挑战,牛逼', '0');
INSERT INTO `position` VALUES ('216', 'ui设计师', '手机端ui设计', '2018-03-31', '5000.00', '2', '专科', '39', '5', '1', '轻松,娱乐', '0');
INSERT INTO `position` VALUES ('217', '前端工程师', '前端界面排版设计', '2018-03-31', '9000.00', '5', '本科', '39', '5', '0', '轻松,压力小', '0');
INSERT INTO `position` VALUES ('218', 'python架构师', 'python数据结构架构了啦', '2018-03-31', '800000.00', '5', '硕士', '39', '8', '0', '高新,挑战,牛逼', '0');
INSERT INTO `position` VALUES ('219', 'Java讲师', '教授Java知识', '2018-03-31', '1000.00', '1', '高中', '39', '30', '1', '轻松,你猜,你再猜', '0');
INSERT INTO `position` VALUES ('220', 'python工程师', '步入职场,你就长大了', '2018-04-02', '3500000.00', '5', '本科', '39', '5', '1', '高新,挑战', '0');

-- ----------------------------
-- Table structure for position_resume
-- ----------------------------
DROP TABLE IF EXISTS `position_resume`;
CREATE TABLE `position_resume` (
  `pr_id` int(11) NOT NULL AUTO_INCREMENT,
  `p_id` int(11) DEFAULT NULL,
  `r_id` int(11) DEFAULT NULL,
  PRIMARY KEY (`pr_id`),
  KEY `p_id` (`p_id`),
  KEY `r_id` (`r_id`),
  CONSTRAINT `position_resume_ibfk_1` FOREIGN KEY (`p_id`) REFERENCES `position` (`p_id`),
  CONSTRAINT `position_resume_ibfk_2` FOREIGN KEY (`r_id`) REFERENCES `resume` (`r_id`)
) ENGINE=InnoDB AUTO_INCREMENT=17 DEFAULT CHARSET=utf8;

-- ----------------------------
-- Records of position_resume
-- ----------------------------
INSERT INTO `position_resume` VALUES ('14', '44', '4');
INSERT INTO `position_resume` VALUES ('15', '41', '4');
INSERT INTO `position_resume` VALUES ('16', '46', '4');

-- ----------------------------
-- Table structure for resume
-- ----------------------------
DROP TABLE IF EXISTS `resume`;
CREATE TABLE `resume` (
  `r_id` int(11) NOT NULL AUTO_INCREMENT,
  `r_name` varchar(30) DEFAULT '您还没有名字哟',
  `r_header` varchar(50) DEFAULT 'default.jpg',
  `r_degree` varchar(30) DEFAULT '',
  `edu_exp` text,
  `project_exp` text,
  `self_avalue` text,
  `r_category` text,
  `u_id` int(11) DEFAULT NULL,
  `sex` char(2) DEFAULT '男',
  `email` varchar(50) DEFAULT '',
  PRIMARY KEY (`r_id`),
  KEY `u_id` (`u_id`),
  CONSTRAINT `resume_ibfk_1` FOREIGN KEY (`u_id`) REFERENCES `user` (`u_id`)
) ENGINE=InnoDB AUTO_INCREMENT=5 DEFAULT CHARSET=utf8;

-- ----------------------------
-- Records of resume
-- ----------------------------
INSERT INTO `resume` VALUES ('4', '李逍遥', 'c94647e1-d005-4228-a56f-7cab2fe5ad00.jpg', '本科', '“确保脱贫工作务实，脱贫过程扎实，脱贫结果真实，让脱贫成效真正获得群众认可、经得起实践和历史检验”。3月30日，习近平总书记主持召开中央政治局会议，听取2017年省级党委和政府脱贫攻坚工作成效考核情况汇报，对打好脱贫攻坚战提出明确要求。', '人们注意到，这次中央政治局会议，是考核评估总结脱贫攻坚经验、更好谋划脱贫攻坚后半程的一次关键会议。对于进一步强化责任担当，落实党中央关于脱贫攻坚各项决策部署、如期兑现到2020年现行标准下农村贫困人口实现脱贫、贫困县全部摘帽、解决区域性整体贫困的扶贫目标，具有重大而深远的影响。', '　让贫困人口脱贫奔小康，一直是习近平总书记心中最深的牵挂。总书记曾动情地说：“党的十八大以来，我最关注的工作之一就是贫困人口脱贫。每到一个地方调研，我都要到贫困村和贫困户了解情况，有时还专门到贫困县调研。” 5年多来，习总书记的足迹遍布全国14个集中连片贫困地区。一次次踏雪调研，一次次进村入户，一次次促膝谈心，总书记为贫困地区赶超发展、贫困群众脱贫致富，送去科学对策和信心干劲，为全党和全国树立了光辉榜样。\r\n', 'python工程师 ', '14', '男', '1654400317@qq.com');

-- ----------------------------
-- Table structure for user
-- ----------------------------
DROP TABLE IF EXISTS `user`;
CREATE TABLE `user` (
  `u_id` int(11) NOT NULL AUTO_INCREMENT,
  `u_account` varchar(30) NOT NULL,
  `u_password` char(32) NOT NULL,
  PRIMARY KEY (`u_id`),
  UNIQUE KEY `u_account` (`u_account`)
) ENGINE=InnoDB AUTO_INCREMENT=15 DEFAULT CHARSET=utf8;

-- ----------------------------
-- Records of user
-- ----------------------------
INSERT INTO `user` VALUES ('14', '1', 'c4ca4238a0b923820dcc509a6f75849b');
